{
    "BBAS3": 0.05,
    "KLBN11": 0.05,
    "VALE3": 0.035,
    "PETR4": 0.04,
    "EGIE3": 0.037000000000000005,
    "BBSE3": 0.037000000000000005,
    "LEVE3": 0.037000000000000005,
    "ITSA4": 0.037000000000000005,
    "ABEV3": 0.037000000000000005,
    "TAEE11": 0.037000000000000005,
    "HYPE3": 0.037000000000000005,
    "FLRY3": 0.037000000000000005,
    "UNIP6": 0.037000000000000005,
    "B3SA3": 0.037000000000000005,
    "SPYI11": 0.037000000000000005,
    "KLBN4": 0.037000000000000005,
    "KLBN3": 0.037000000000000005,
    "XPLG11": 0.05,
    "BTLG11": 0.05,
    "TRXF11": 0.037000000000000005,
    "XPML11": 0.037000000000000005,
    "HGLG11": 0.037000000000000005,
    "LVBI11": 0.037000000000000005,
    "VGIP11": 0.037000000000000005,
    "HGRU11": 0.037000000000000005,
    "KNRI11": 0.037000000000000005,
    "Tesouro IPCA+ com Juros Semestrais 2035": 0.037000000000000005,
    "Tesouro Prefixado com Juros Semestrais 2035": 0.037000000000000005,
    "Tesouro Prefixado 2031": 0.037000000000000005
}